,Name,Total Population,Public Use Microdata Area,Year
0,"Jo Daviess, Carroll, Whiteside & Lee Counties PUMA; Illinois",132179,00104,2012
1,"Rock Island County PUMA, Illinois",147504,00105,2012
2,"Henry, Mercer, Henderson, Warren, Hancock, McDonough & Fulton Counties PUMA; Illinois",180417,00202,2012
3,"Adams, Pike, Brown, Schuyler & Mason Counties PUMA; Illinois",112582,00300,2012
4,"Cass, Morgan, Scott, Greene, Macoupin, Jersey & Calhoun Counties PUMA; Illinois",143980,00401,2012
5,"Montgomery, Bond, Clinton, Fayette & Effingham Counties PUMA; Illinois",141872,00501,2012
6,"Douglas, Edgar, Coles & Cumberland Counties PUMA; Illinois",103148,00600,2012
7,"Clark, Jasper, Crawford, Lawrence, Richland, Clay & Wayne Counties PUMA; Illinois",109351,00700,2012
8,"South & Southeast Illinois PUMA, Illinois",141099,00800,2012
9,"Jackson, Williamson, Franklin & Perry Counties PUMA; Illinois",188132,00900,2012
10,"Monroe, Randolph, Washington, Jefferson & Marion Counties PUMA; Illinois",159275,01001,2012
11,"St. Clair County (Central & Northeast) PUMA, Illinois",150502,01104,2012
12,"St. Clair County (Northwest, Southwest & Southeast) PUMA; Illinois",118371,01105,2012
13,"Madison County (East) PUMA, Illinois",120735,01204,2012
14,"Madison County (West)--Granite City, Alton, Wood River Cities & Godfrey Village PUMA; Illinois",147851,01205,2012
15,"Sangamon County--Springfield City PUMA, Illinois",197474,01300,2012
16,"Macon County--Decatur City PUMA, Illinois",110558,01500,2012
17,"Menard, Logan, De Witt, Piatt, Moultrie, Shelby & Christian Counties PUMA; Illinois",148212,01602,2012
18,"Peoria County--Peoria City PUMA, Illinois",186399,01701,2012
19,"Tazewell County PUMA, Illinois",135201,01900,2012
20,"McLean County PUMA, Illinois",169689,02000,2012
21,"Champaign County--Champaign & Urbana Cities PUMA, Illinois",200931,02100,2012
22,"Livingston, Ford, Iroquois & Vermilion Counties PUMA; Illinois",164100,02200,2012
23,"Kankakee County PUMA, Illinois",113170,02300,2012
24,"LaSalle County PUMA, Illinois",113688,02400,2012
25,"Knox, Stark, Bureau, Marshall & Woodford Counties PUMA; Illinois",150750,02501,2012
26,"DeKalb County PUMA, Illinois",104820,02601,2012
27,"Stephenson & Ogle Counties PUMA, Illinois",100910,02700,2012
28,"Winnebago County (Southeast & West)--Rockford City PUMA, Illinois",203931,02801,2012
29,"Winnebago (Northeast) & Boone Counties PUMA, Illinois",144643,02901,2012
30,"Kane County (Southeast)--Aurora Township PUMA, Illinois",145900,03005,2012
31,"Kane County (East)--St. Charles, Batavia (Central) & Geneva (Central) Townships PUMA; Illinois",116478,03007,2012
32,"Kane County (Northeast)--Elgin (North & Central) & Dundee Townships PUMA, Illinois",139220,03008,2012
33,"Kane County (West) PUMA, Illinois",113293,03009,2012
34,"Will County (West Central)--Joliet & Troy Townships PUMA, Illinois",134195,03102,2012
35,"Will County (Northwest Central)--Plainfield & Lockport Townships PUMA, Illinois",139417,03105,2012
36,"Will County (Northwest)--DuPage & Wheatland Townships PUMA, Illinois",168899,03106,2012
37,"Will County (Northeast)--Frankfort, Homer & New Lenox (North) Townships PUMA; Illinois",123354,03107,2012
38,"Will County (South) PUMA, Illinois",111804,03108,2012
39,"DuPage County (Central)--Milton Township PUMA, Illinois",117379,03202,2012
40,"DuPage County (South Central)--Lisle Township PUMA, Illinois",116640,03203,2012
41,"DuPage County (Southeast)--Downers Grove Township PUMA, Illinois",147211,03204,2012
42,"DuPage County (East Central)--York Township PUMA, Illinois",123891,03205,2012
43,"Dupage County (Northeast)--Addison & Bloomingdale (North) Townships PUMA, Illinois",116307,03207,2012
44,"DuPage County (Northwest)--Bloomingdale (South), Wayne & Winfield (North) Townships PUMA; Illinois",177597,03208,2012
45,"DuPage County (Southwest)--Naperville & Winfield (South) Townships PUMA, Illinois",119583,03209,2012
46,"Lake County (Northwest)--Avon, Lake Villa, Antioch & Grant Townships PUMA; Illinois",158429,03306,2012
47,"Lake County (Northeast)--Waukegan, Zion, Benton & Newport Townships PUMA; Illinois",141075,03307,2012
48,"Lake County (Southwest)--Ela, Freemont, Wauconda & Cuba Townships PUMA; Illinois",113235,03308,2012
49,"Lake County (East Central)--Warren, Libertyville (North & East) & Shields Townships PUMA; Illinois",154463,03309,2012
50,"Lake County--Vernon, Moraine, West Deerfield & Libertyville (Southeast) Townships PUMA; Illinois",134194,03310,2012
51,"Cook County (Northwest)--Palatine & Barrington Townships PUMA, Illinois",126768,03401,2012
52,"Cook County (West Central)--Proviso, Riverside & River Forest Townships PUMA; Illinois",178278,03407,2012
53,"Cook County (Central)--Cicero, Berwyn & Oak Park Townships PUMA; Illinois",191913,03408,2012
54,"Cook County (West Central)--Lyons & Stickney Townships PUMA, Illinois",152204,03409,2012
55,"Cook County (Southwest)--Orland (West & Central), Palos & Lemont Townships PUMA; Illinois",172751,03410,2012
56,"Cook County (South Central)--Worth & Calumet Townships PUMA, Illinois",173264,03411,2012
57,"Cook County (South Central)--Bremen & Orland (East) Townships PUMA, Illinois",109928,03412,2012
58,"Cook County (Southeast)--Thornton Township PUMA, Illinois",169592,03413,2012
59,"Cook County (South)--Bloom & Rich Townships PUMA, Illinois",167138,03414,2012
60,"Cook County (North)--Wheeling Township (North & East) PUMA, Illinois",125872,03415,2012
61,"Cook County (Northeast)--Northfield & New Trier Townships PUMA, Illinois",140404,03416,2012
62,"Cook County (Northwest)--Hanover & Schaumburg (Northwest) Townships PUMA, Illinois",119439,03417,2012
63,"Cook County (Northwest)--Schaumburg Township (South & Central) PUMA, Illinois",110573,03418,2012
64,"Cook County (Northwest)--Elk Grove & Wheeling (Southwest) Townships PUMA, Illinois",122270,03419,2012
65,"Cook County (North)--Maine, Norwood Park Townships & Chicago City--Edison Park PUMA; Illinois",186023,03420,2012
66,"Cook County (North)--Niles & Evanston Townships PUMA, Illinois",180137,03421,2012
67,"Cook County (West)--Leyden, Norwood Park (South) Townships & Chicago City--O'Hare PUMA; Illinois",130954,03422,2012
68,"Chicago City (North)--Edgewater, Uptown & Rogers Park PUMA; Illinois",167887,03501,2012
69,"Chicago City (North)--Lake View & Lincoln Park PUMA, Illinois",161170,03502,2012
70,"Chicago City (North)--West Ridge, Lincoln Square & North Center PUMA; Illinois",145745,03503,2012
71,"Chicago City (Northwest)--Irving Park, Albany Park, Forest Glen & North Park PUMA; Illinois",147691,03504,2012
72,"Chicago City (Northwest)--Portage Park, Dunning & Jefferson Park PUMA; Illinois",132505,03520,2012
73,"Chicago City (West)--Austin, Belmont Cragin & Montclare PUMA; Illinois",188448,03521,2012
74,"Chicago City (Northwest)--Logan Square, Avondale & Hermosa PUMA; Illinois",140396,03522,2012
75,"Chicago City (West)--North & South Lawndale, Humboldt Park, East & West Garfield Park PUMA; Illinois",201675,03523,2012
76,"Chicago City (West)--West Town, Near West Side & Lower West Side PUMA; Illinois",174815,03524,2012
77,"Chicago City (Central)--Near North Side, Loop & Near South Side PUMA; Illinois",127124,03525,2012
78,"Chicago City (Southwest)--Brighton Park, New City, Bridgeport & McKinley Park PUMA; Illinois",162263,03526,2012
79,"Chicago City (Southwest)--Gage Park, Garfield Ridge & West Lawn PUMA; Illinois",148078,03527,2012
80,"Chicago City (South)--Chicago Lawn, Englewood/West Englewood & Greater Grand Crossing PUMA; Illinois",151798,03528,2012
81,"Chicago City (South)--South Shore, Hyde Park, Woodlawn, Grand Boulevard & Douglas PUMA; Illinois",179284,03529,2012
82,"Chicago City (South)--Ashburn, Washington Heights, Morgan Park & Beverly PUMA; Illinois",131191,03530,2012
83,"Chicago City (South)--Auburn Gresham, Roseland, Chatham, Avalon Park & Burnside PUMA; Illinois",141288,03531,2012
84,"Chicago City (South)--South Chicago, Pullman, West Pullman, East Side & South Deering PUMA; Illinois",138811,03532,2012
85,"McHenry County (North, West & Central) PUMA; Illinois",133550,03601,2012
86,"McHenry County (Southeast)--Algonquin, McHenry & Nunda Townships PUMA; Illinois",174499,03602,2012
87,"Kendall & Grundy Counties PUMA, Illinois",164096,03700,2012
88,"Jo Daviess, Carroll, Whiteside & Lee Counties PUMA; Illinois",131486,00104,2013
89,"Rock Island County PUMA, Illinois",147477,00105,2013
90,"Henry, Mercer, Henderson, Warren, Hancock, McDonough & Fulton Counties PUMA; Illinois",179860,00202,2013
91,"Adams, Pike, Brown, Schuyler & Mason Counties PUMA; Illinois",112391,00300,2013
92,"Cass, Morgan, Scott, Greene, Macoupin, Jersey & Calhoun Counties PUMA; Illinois",143394,00401,2013
93,"Montgomery, Bond, Clinton, Fayette & Effingham Counties PUMA; Illinois",141796,00501,2013
94,"Douglas, Edgar, Coles & Cumberland Counties PUMA; Illinois",102988,00600,2013
95,"Clark, Jasper, Crawford, Lawrence, Richland, Clay & Wayne Counties PUMA; Illinois",109004,00700,2013
96,"South & Southeast Illinois PUMA, Illinois",140392,00800,2013
97,"Jackson, Williamson, Franklin & Perry Counties PUMA; Illinois",188313,00900,2013
98,"Monroe, Randolph, Washington, Jefferson & Marion Counties PUMA; Illinois",158864,01001,2013
99,"St. Clair County (Central & Northeast) PUMA, Illinois",151015,01104,2013
100,"St. Clair County (Northwest, Southwest & Southeast) PUMA; Illinois",117924,01105,2013
101,"Madison County (East) PUMA, Illinois",121225,01204,2013
102,"Madison County (West)--Granite City, Alton, Wood River Cities & Godfrey Village PUMA; Illinois",147148,01205,2013
103,"Sangamon County--Springfield City PUMA, Illinois",198269,01300,2013
104,"Macon County--Decatur City PUMA, Illinois",110262,01500,2013
105,"Menard, Logan, De Witt, Piatt, Moultrie, Shelby & Christian Counties PUMA; Illinois",147781,01602,2013
106,"Peoria County--Peoria City PUMA, Illinois",187117,01701,2013
107,"Tazewell County PUMA, Illinois",135747,01900,2013
108,"McLean County PUMA, Illinois",171240,02000,2013
109,"Champaign County--Champaign & Urbana Cities PUMA, Illinois",202428,02100,2013
110,"Livingston, Ford, Iroquois & Vermilion Counties PUMA; Illinois",163271,02200,2013
111,"Kankakee County PUMA, Illinois",112991,02300,2013
112,"LaSalle County PUMA, Illinois",113295,02400,2013
113,"Knox, Stark, Bureau, Marshall & Woodford Counties PUMA; Illinois",150365,02501,2013
114,"DeKalb County PUMA, Illinois",104820,02601,2013
115,"Stephenson & Ogle Counties PUMA, Illinois",100407,02700,2013
116,"Winnebago County (Southeast & West)--Rockford City PUMA, Illinois",202789,02801,2013
117,"Winnebago (Northeast) & Boone Counties PUMA, Illinois",144663,02901,2013
118,"Kane County (Southeast)--Aurora Township PUMA, Illinois",146600,03005,2013
119,"Kane County (East)--St. Charles, Batavia (Central) & Geneva (Central) Townships PUMA; Illinois",117044,03007,2013
120,"Kane County (Northeast)--Elgin (North & Central) & Dundee Townships PUMA, Illinois",139383,03008,2013
121,"Kane County (West) PUMA, Illinois",115353,03009,2013
122,"Will County (West Central)--Joliet & Troy Townships PUMA, Illinois",133889,03102,2013
123,"Will County (Northwest Central)--Plainfield & Lockport Townships PUMA, Illinois",140432,03105,2013
124,"Will County (Northwest)--DuPage & Wheatland Townships PUMA, Illinois",169939,03106,2013
125,"Will County (Northeast)--Frankfort, Homer & New Lenox (North) Townships PUMA; Illinois",123432,03107,2013
126,"Will County (South) PUMA, Illinois",111996,03108,2013
127,"DuPage County (Central)--Milton Township PUMA, Illinois",117751,03202,2013
128,"DuPage County (South Central)--Lisle Township PUMA, Illinois",117079,03203,2013
129,"DuPage County (Southeast)--Downers Grove Township PUMA, Illinois",147753,03204,2013
130,"DuPage County (East Central)--York Township PUMA, Illinois",124382,03205,2013
131,"Dupage County (Northeast)--Addison & Bloomingdale (North) Townships PUMA, Illinois",116410,03207,2013
132,"DuPage County (Northwest)--Bloomingdale (South), Wayne & Winfield (North) Townships PUMA; Illinois",178502,03208,2013
133,"DuPage County (Southwest)--Naperville & Winfield (South) Townships PUMA, Illinois",120926,03209,2013
134,"Lake County (Northwest)--Avon, Lake Villa, Antioch & Grant Townships PUMA; Illinois",159246,03306,2013
135,"Lake County (Northeast)--Waukegan, Zion, Benton & Newport Townships PUMA; Illinois",140856,03307,2013
136,"Lake County (Southwest)--Ela, Freemont, Wauconda & Cuba Townships PUMA; Illinois",113813,03308,2013
137,"Lake County (East Central)--Warren, Libertyville (North & East) & Shields Townships PUMA; Illinois",154232,03309,2013
138,"Lake County--Vernon, Moraine, West Deerfield & Libertyville (Southeast) Townships PUMA; Illinois",134058,03310,2013
139,"Cook County (Northwest)--Palatine & Barrington Townships PUMA, Illinois",127709,03401,2013
140,"Cook County (West Central)--Proviso, Riverside & River Forest Townships PUMA; Illinois",178686,03407,2013
141,"Cook County (Central)--Cicero, Berwyn & Oak Park Townships PUMA; Illinois",192458,03408,2013
142,"Cook County (West Central)--Lyons & Stickney Townships PUMA, Illinois",153022,03409,2013
143,"Cook County (Southwest)--Orland (West & Central), Palos & Lemont Townships PUMA; Illinois",174400,03410,2013
144,"Cook County (South Central)--Worth & Calumet Townships PUMA, Illinois",173838,03411,2013
145,"Cook County (South Central)--Bremen & Orland (East) Townships PUMA, Illinois",110194,03412,2013
146,"Cook County (Southeast)--Thornton Township PUMA, Illinois",169768,03413,2013
147,"Cook County (South)--Bloom & Rich Townships PUMA, Illinois",168006,03414,2013
148,"Cook County (North)--Wheeling Township (North & East) PUMA, Illinois",125950,03415,2013
149,"Cook County (Northeast)--Northfield & New Trier Townships PUMA, Illinois",141142,03416,2013
150,"Cook County (Northwest)--Hanover & Schaumburg (Northwest) Townships PUMA, Illinois",120515,03417,2013
151,"Cook County (Northwest)--Schaumburg Township (South & Central) PUMA, Illinois",111040,03418,2013
152,"Cook County (Northwest)--Elk Grove & Wheeling (Southwest) Townships PUMA, Illinois",122860,03419,2013
153,"Cook County (North)--Maine, Norwood Park Townships & Chicago City--Edison Park PUMA; Illinois",186248,03420,2013
154,"Cook County (North)--Niles & Evanston Townships PUMA, Illinois",181017,03421,2013
155,"Cook County (West)--Leyden, Norwood Park (South) Townships & Chicago City--O'Hare PUMA; Illinois",131303,03422,2013
156,"Chicago City (North)--Edgewater, Uptown & Rogers Park PUMA; Illinois",167162,03501,2013
157,"Chicago City (North)--Lake View & Lincoln Park PUMA, Illinois",162430,03502,2013
158,"Chicago City (North)--West Ridge, Lincoln Square & North Center PUMA; Illinois",146506,03503,2013
159,"Chicago City (Northwest)--Irving Park, Albany Park, Forest Glen & North Park PUMA; Illinois",148787,03504,2013
160,"Chicago City (Northwest)--Portage Park, Dunning & Jefferson Park PUMA; Illinois",133211,03520,2013
161,"Chicago City (West)--Austin, Belmont Cragin & Montclare PUMA; Illinois",188559,03521,2013
162,"Chicago City (Northwest)--Logan Square, Avondale & Hermosa PUMA; Illinois",139456,03522,2013
163,"Chicago City (West)--North & South Lawndale, Humboldt Park, East & West Garfield Park PUMA; Illinois",198328,03523,2013
164,"Chicago City (West)--West Town, Near West Side & Lower West Side PUMA; Illinois",174862,03524,2013
165,"Chicago City (Central)--Near North Side, Loop & Near South Side PUMA; Illinois",132871,03525,2013
166,"Chicago City (Southwest)--Brighton Park, New City, Bridgeport & McKinley Park PUMA; Illinois",162754,03526,2013
167,"Chicago City (Southwest)--Gage Park, Garfield Ridge & West Lawn PUMA; Illinois",150404,03527,2013
168,"Chicago City (South)--Chicago Lawn, Englewood/West Englewood & Greater Grand Crossing PUMA; Illinois",151395,03528,2013
169,"Chicago City (South)--South Shore, Hyde Park, Woodlawn, Grand Boulevard & Douglas PUMA; Illinois",180854,03529,2013
170,"Chicago City (South)--Ashburn, Washington Heights, Morgan Park & Beverly PUMA; Illinois",132789,03530,2013
171,"Chicago City (South)--Auburn Gresham, Roseland, Chatham, Avalon Park & Burnside PUMA; Illinois",138115,03531,2013
172,"Chicago City (South)--South Chicago, Pullman, West Pullman, East Side & South Deering PUMA; Illinois",135733,03532,2013
173,"McHenry County (North, West & Central) PUMA; Illinois",134221,03601,2013
174,"McHenry County (Southeast)--Algonquin, McHenry & Nunda Townships PUMA; Illinois",173733,03602,2013
175,"Kendall & Grundy Counties PUMA, Illinois",166430,03700,2013
176,"Jo Daviess, Carroll, Whiteside & Lee Counties PUMA; Illinois",130382,00104,2014
177,"Rock Island County PUMA, Illinois",146964,00105,2014
178,"Henry, Mercer, Henderson, Warren, Hancock, McDonough & Fulton Counties PUMA; Illinois",178905,00202,2014
179,"Adams, Pike, Brown, Schuyler & Mason Counties PUMA; Illinois",111998,00300,2014
180,"Cass, Morgan, Scott, Greene, Macoupin, Jersey & Calhoun Counties PUMA; Illinois",142662,00401,2014
181,"Montgomery, Bond, Clinton, Fayette & Effingham Counties PUMA; Illinois",141584,00501,2014
182,"Douglas, Edgar, Coles & Cumberland Counties PUMA; Illinois",102643,00600,2014
183,"Clark, Jasper, Crawford, Lawrence, Richland, Clay & Wayne Counties PUMA; Illinois",108696,00700,2014
184,"South & Southeast Illinois PUMA, Illinois",139446,00800,2014
185,"Jackson, Williamson, Franklin & Perry Counties PUMA; Illinois",188741,00900,2014
186,"Monroe, Randolph, Washington, Jefferson & Marion Counties PUMA; Illinois",158629,01001,2014
187,"St. Clair County (Central & Northeast) PUMA, Illinois",151166,01104,2014
188,"St. Clair County (Northwest, Southwest & Southeast) PUMA; Illinois",117249,01105,2014
189,"Madison County (East) PUMA, Illinois",121395,01204,2014
190,"Madison County (West)--Granite City, Alton, Wood River Cities & Godfrey Village PUMA; Illinois",146542,01205,2014
191,"Sangamon County--Springfield City PUMA, Illinois",198808,01300,2014
192,"Macon County--Decatur City PUMA, Illinois",109833,01500,2014
193,"Menard, Logan, De Witt, Piatt, Moultrie, Shelby & Christian Counties PUMA; Illinois",147245,01602,2014
194,"Peoria County--Peoria City PUMA, Illinois",187197,01701,2014
195,"Tazewell County PUMA, Illinois",135872,01900,2014
196,"McLean County PUMA, Illinois",172390,02000,2014
197,"Champaign County--Champaign & Urbana Cities PUMA, Illinois",204214,02100,2014
198,"Livingston, Ford, Iroquois & Vermilion Counties PUMA; Illinois",162427,02200,2014
199,"Kankakee County PUMA, Illinois",112682,02300,2014
200,"LaSalle County PUMA, Illinois",112698,02400,2014
201,"Knox, Stark, Bureau, Marshall & Woodford Counties PUMA; Illinois",149875,02501,2014
202,"DeKalb County PUMA, Illinois",104919,02601,2014
203,"Stephenson & Ogle Counties PUMA, Illinois",99835,02700,2014
204,"Winnebago County (Southeast & West)--Rockford City PUMA, Illinois",201671,02801,2014
205,"Winnebago (Northeast) & Boone Counties PUMA, Illinois",144360,02901,2014
206,"Kane County (Southeast)--Aurora Township PUMA, Illinois",147345,03005,2014
207,"Kane County (East)--St. Charles, Batavia (Central) & Geneva (Central) Townships PUMA; Illinois",117531,03007,2014
208,"Kane County (Northeast)--Elgin (North & Central) & Dundee Townships PUMA, Illinois",139722,03008,2014
209,"Kane County (West) PUMA, Illinois",117276,03009,2014
210,"Will County (West Central)--Joliet & Troy Townships PUMA, Illinois",134031,03102,2014
211,"Will County (Northwest Central)--Plainfield & Lockport Townships PUMA, Illinois",141137,03105,2014
212,"Will County (Northwest)--DuPage & Wheatland Townships PUMA, Illinois",170812,03106,2014
213,"Will County (Northeast)--Frankfort, Homer & New Lenox (North) Townships PUMA; Illinois",123928,03107,2014
214,"Will County (South) PUMA, Illinois",112200,03108,2014
215,"DuPage County (Central)--Milton Township PUMA, Illinois",118164,03202,2014
216,"DuPage County (South Central)--Lisle Township PUMA, Illinois",117607,03203,2014
217,"DuPage County (Southeast)--Downers Grove Township PUMA, Illinois",148306,03204,2014
218,"DuPage County (East Central)--York Township PUMA, Illinois",124874,03205,2014
219,"Dupage County (Northeast)--Addison & Bloomingdale (North) Townships PUMA, Illinois",116869,03207,2014
220,"DuPage County (Northwest)--Bloomingdale (South), Wayne & Winfield (North) Townships PUMA; Illinois",179092,03208,2014
221,"DuPage County (Southwest)--Naperville & Winfield (South) Townships PUMA, Illinois",121573,03209,2014
222,"Lake County (Northwest)--Avon, Lake Villa, Antioch & Grant Townships PUMA; Illinois",159759,03306,2014
223,"Lake County (Northeast)--Waukegan, Zion, Benton & Newport Townships PUMA; Illinois",140828,03307,2014
224,"Lake County (Southwest)--Ela, Freemont, Wauconda & Cuba Townships PUMA; Illinois",114364,03308,2014
225,"Lake County (East Central)--Warren, Libertyville (North & East) & Shields Townships PUMA; Illinois",154167,03309,2014
226,"Lake County--Vernon, Moraine, West Deerfield & Libertyville (Southeast) Townships PUMA; Illinois",134112,03310,2014
227,"Cook County (Northwest)--Palatine & Barrington Townships PUMA, Illinois",128433,03401,2014
228,"Cook County (West Central)--Proviso, Riverside & River Forest Townships PUMA; Illinois",179032,03407,2014
229,"Cook County (Central)--Cicero, Berwyn & Oak Park Townships PUMA; Illinois",193173,03408,2014
230,"Cook County (West Central)--Lyons & Stickney Townships PUMA, Illinois",153696,03409,2014
231,"Cook County (Southwest)--Orland (West & Central), Palos & Lemont Townships PUMA; Illinois",175173,03410,2014
232,"Cook County (South Central)--Worth & Calumet Townships PUMA, Illinois",174296,03411,2014
233,"Cook County (South Central)--Bremen & Orland (East) Townships PUMA, Illinois",110795,03412,2014
234,"Cook County (Southeast)--Thornton Township PUMA, Illinois",170003,03413,2014
235,"Cook County (South)--Bloom & Rich Townships PUMA, Illinois",168619,03414,2014
236,"Cook County (North)--Wheeling Township (North & East) PUMA, Illinois",126111,03415,2014
237,"Cook County (Northeast)--Northfield & New Trier Townships PUMA, Illinois",142009,03416,2014
238,"Cook County (Northwest)--Hanover & Schaumburg (Northwest) Townships PUMA, Illinois",121383,03417,2014
239,"Cook County (Northwest)--Schaumburg Township (South & Central) PUMA, Illinois",110997,03418,2014
240,"Cook County (Northwest)--Elk Grove & Wheeling (Southwest) Townships PUMA, Illinois",123437,03419,2014
241,"Cook County (North)--Maine, Norwood Park Townships & Chicago City--Edison Park PUMA; Illinois",186363,03420,2014
242,"Cook County (North)--Niles & Evanston Townships PUMA, Illinois",181691,03421,2014
243,"Cook County (West)--Leyden, Norwood Park (South) Townships & Chicago City--O'Hare PUMA; Illinois",132059,03422,2014
244,"Chicago City (North)--Edgewater, Uptown & Rogers Park PUMA; Illinois",164391,03501,2014
245,"Chicago City (North)--Lake View & Lincoln Park PUMA, Illinois",163919,03502,2014
246,"Chicago City (North)--West Ridge, Lincoln Square & North Center PUMA; Illinois",147381,03503,2014
247,"Chicago City (Northwest)--Irving Park, Albany Park, Forest Glen & North Park PUMA; Illinois",145956,03504,2014
248,"Chicago City (Northwest)--Portage Park, Dunning & Jefferson Park PUMA; Illinois",134455,03520,2014
249,"Chicago City (West)--Austin, Belmont Cragin & Montclare PUMA; Illinois",191620,03521,2014
250,"Chicago City (Northwest)--Logan Square, Avondale & Hermosa PUMA; Illinois",138008,03522,2014
251,"Chicago City (West)--North & South Lawndale, Humboldt Park, East & West Garfield Park PUMA; Illinois",202175,03523,2014
252,"Chicago City (West)--West Town, Near West Side & Lower West Side PUMA; Illinois",178197,03524,2014
253,"Chicago City (Central)--Near North Side, Loop & Near South Side PUMA; Illinois",136968,03525,2014
254,"Chicago City (Southwest)--Brighton Park, New City, Bridgeport & McKinley Park PUMA; Illinois",161964,03526,2014
255,"Chicago City (Southwest)--Gage Park, Garfield Ridge & West Lawn PUMA; Illinois",152218,03527,2014
256,"Chicago City (South)--Chicago Lawn, Englewood/West Englewood & Greater Grand Crossing PUMA; Illinois",150711,03528,2014
257,"Chicago City (South)--South Shore, Hyde Park, Woodlawn, Grand Boulevard & Douglas PUMA; Illinois",181813,03529,2014
258,"Chicago City (South)--Ashburn, Washington Heights, Morgan Park & Beverly PUMA; Illinois",131807,03530,2014
259,"Chicago City (South)--Auburn Gresham, Roseland, Chatham, Avalon Park & Burnside PUMA; Illinois",136087,03531,2014
260,"Chicago City (South)--South Chicago, Pullman, West Pullman, East Side & South Deering PUMA; Illinois",132887,03532,2014
261,"McHenry County (North, West & Central) PUMA; Illinois",134593,03601,2014
262,"McHenry County (Southeast)--Algonquin, McHenry & Nunda Townships PUMA; Illinois",173235,03602,2014
263,"Kendall & Grundy Counties PUMA, Illinois",168367,03700,2014
264,"Jo Daviess, Carroll, Whiteside & Lee Counties PUMA; Illinois",129875,00104,2015
265,"Rock Island County PUMA, Illinois",147161,00105,2015
266,"Henry, Mercer, Henderson, Warren, Hancock, McDonough & Fulton Counties PUMA; Illinois",177803,00202,2015
267,"Adams, Pike, Brown, Schuyler & Mason Counties PUMA; Illinois",111521,00300,2015
268,"Cass, Morgan, Scott, Greene, Macoupin, Jersey & Calhoun Counties PUMA; Illinois",141551,00401,2015
269,"Montgomery, Bond, Clinton, Fayette & Effingham Counties PUMA; Illinois",141058,00501,2015
270,"Douglas, Edgar, Coles & Cumberland Counties PUMA; Illinois",101798,00600,2015
271,"Clark, Jasper, Crawford, Lawrence, Richland, Clay & Wayne Counties PUMA; Illinois",108264,00700,2015
272,"South & Southeast Illinois PUMA, Illinois",138445,00800,2015
273,"Jackson, Williamson, Franklin & Perry Counties PUMA; Illinois",188159,00900,2015
274,"Monroe, Randolph, Washington, Jefferson & Marion Counties PUMA; Illinois",158308,01001,2015
275,"St. Clair County (Central & Northeast) PUMA, Illinois",150631,01104,2015
276,"St. Clair County (Northwest, Southwest & Southeast) PUMA; Illinois",116398,01105,2015
277,"Madison County (East) PUMA, Illinois",121448,01204,2015
278,"Madison County (West)--Granite City, Alton, Wood River Cities & Godfrey Village PUMA; Illinois",145908,01205,2015
279,"Sangamon County--Springfield City PUMA, Illinois",199016,01300,2015
280,"Macon County--Decatur City PUMA, Illinois",109193,01500,2015
281,"Menard, Logan, De Witt, Piatt, Moultrie, Shelby & Christian Counties PUMA; Illinois",146692,01602,2015
282,"Peoria County--Peoria City PUMA, Illinois",187112,01701,2015
283,"Tazewell County PUMA, Illinois",135697,01900,2015
284,"McLean County PUMA, Illinois",173114,02000,2015
285,"Champaign County--Champaign & Urbana Cities PUMA, Illinois",205766,02100,2015
286,"Livingston, Ford, Iroquois & Vermilion Counties PUMA; Illinois",160945,02200,2015
287,"Kankakee County PUMA, Illinois",112221,02300,2015
288,"LaSalle County PUMA, Illinois",112579,02400,2015
289,"Knox, Stark, Bureau, Marshall & Woodford Counties PUMA; Illinois",149187,02501,2015
290,"DeKalb County PUMA, Illinois",104345,02601,2015
291,"Stephenson & Ogle Counties PUMA, Illinois",99022,02700,2015
292,"Winnebago County (Southeast & West)--Rockford City PUMA, Illinois",200427,02801,2015
293,"Winnebago (Northeast) & Boone Counties PUMA, Illinois",143863,02901,2015
294,"Kane County (Southeast)--Aurora Township PUMA, Illinois",147774,03005,2015
295,"Kane County (East)--St. Charles, Batavia (Central) & Geneva (Central) Townships PUMA; Illinois",117618,03007,2015
296,"Kane County (Northeast)--Elgin (North & Central) & Dundee Townships PUMA, Illinois",140424,03008,2015
297,"Kane County (West) PUMA, Illinois",119070,03009,2015
298,"Will County (West Central)--Joliet & Troy Townships PUMA, Illinois",134458,03102,2015
299,"Will County (Northwest Central)--Plainfield & Lockport Townships PUMA, Illinois",141394,03105,2015
300,"Will County (Northwest)--DuPage & Wheatland Townships PUMA, Illinois",171412,03106,2015
301,"Will County (Northeast)--Frankfort, Homer & New Lenox (North) Townships PUMA; Illinois",124717,03107,2015
302,"Will County (South) PUMA, Illinois",112014,03108,2015
303,"DuPage County (Central)--Milton Township PUMA, Illinois",118528,03202,2015
304,"DuPage County (South Central)--Lisle Township PUMA, Illinois",118933,03203,2015
305,"DuPage County (Southeast)--Downers Grove Township PUMA, Illinois",148830,03204,2015
306,"DuPage County (East Central)--York Township PUMA, Illinois",125321,03205,2015
307,"Dupage County (Northeast)--Addison & Bloomingdale (North) Townships PUMA, Illinois",117413,03207,2015
308,"DuPage County (Northwest)--Bloomingdale (South), Wayne & Winfield (North) Townships PUMA; Illinois",179152,03208,2015
309,"DuPage County (Southwest)--Naperville & Winfield (South) Townships PUMA, Illinois",122235,03209,2015
310,"Lake County (Northwest)--Avon, Lake Villa, Antioch & Grant Townships PUMA; Illinois",159730,03306,2015
311,"Lake County (Northeast)--Waukegan, Zion, Benton & Newport Townships PUMA; Illinois",140609,03307,2015
312,"Lake County (Southwest)--Ela, Freemont, Wauconda & Cuba Townships PUMA; Illinois",114726,03308,2015
313,"Lake County (East Central)--Warren, Libertyville (North & East) & Shields Townships PUMA; Illinois",153348,03309,2015
314,"Lake County--Vernon, Moraine, West Deerfield & Libertyville (Southeast) Townships PUMA; Illinois",134505,03310,2015
315,"Cook County (Northwest)--Palatine & Barrington Townships PUMA, Illinois",128337,03401,2015
316,"Cook County (West Central)--Proviso, Riverside & River Forest Townships PUMA; Illinois",179053,03407,2015
317,"Cook County (Central)--Cicero, Berwyn & Oak Park Townships PUMA; Illinois",193147,03408,2015
318,"Cook County (West Central)--Lyons & Stickney Townships PUMA, Illinois",153953,03409,2015
319,"Cook County (Southwest)--Orland (West & Central), Palos & Lemont Townships PUMA; Illinois",175999,03410,2015
320,"Cook County (South Central)--Worth & Calumet Townships PUMA, Illinois",174386,03411,2015
321,"Cook County (South Central)--Bremen & Orland (East) Townships PUMA, Illinois",110667,03412,2015
322,"Cook County (Southeast)--Thornton Township PUMA, Illinois",170054,03413,2015
323,"Cook County (South)--Bloom & Rich Townships PUMA, Illinois",168737,03414,2015
324,"Cook County (North)--Wheeling Township (North & East) PUMA, Illinois",126940,03415,2015
325,"Cook County (Northeast)--Northfield & New Trier Townships PUMA, Illinois",142761,03416,2015
326,"Cook County (Northwest)--Hanover & Schaumburg (Northwest) Townships PUMA, Illinois",122612,03417,2015
327,"Cook County (Northwest)--Schaumburg Township (South & Central) PUMA, Illinois",110229,03418,2015
328,"Cook County (Northwest)--Elk Grove & Wheeling (Southwest) Townships PUMA, Illinois",123407,03419,2015
329,"Cook County (North)--Maine, Norwood Park Townships & Chicago City--Edison Park PUMA; Illinois",186596,03420,2015
330,"Cook County (North)--Niles & Evanston Townships PUMA, Illinois",182080,03421,2015
331,"Cook County (West)--Leyden, Norwood Park (South) Townships & Chicago City--O'Hare PUMA; Illinois",131409,03422,2015
332,"Chicago City (North)--Edgewater, Uptown & Rogers Park PUMA; Illinois",164412,03501,2015
333,"Chicago City (North)--Lake View & Lincoln Park PUMA, Illinois",165171,03502,2015
334,"Chicago City (North)--West Ridge, Lincoln Square & North Center PUMA; Illinois",147595,03503,2015
335,"Chicago City (Northwest)--Irving Park, Albany Park, Forest Glen & North Park PUMA; Illinois",145478,03504,2015
336,"Chicago City (Northwest)--Portage Park, Dunning & Jefferson Park PUMA; Illinois",135135,03520,2015
337,"Chicago City (West)--Austin, Belmont Cragin & Montclare PUMA; Illinois",189826,03521,2015
338,"Chicago City (Northwest)--Logan Square, Avondale & Hermosa PUMA; Illinois",139759,03522,2015
339,"Chicago City (West)--North & South Lawndale, Humboldt Park, East & West Garfield Park PUMA; Illinois",202511,03523,2015
340,"Chicago City (West)--West Town, Near West Side & Lower West Side PUMA; Illinois",181760,03524,2015
341,"Chicago City (Central)--Near North Side, Loop & Near South Side PUMA; Illinois",141554,03525,2015
342,"Chicago City (Southwest)--Brighton Park, New City, Bridgeport & McKinley Park PUMA; Illinois",162860,03526,2015
343,"Chicago City (Southwest)--Gage Park, Garfield Ridge & West Lawn PUMA; Illinois",153737,03527,2015
344,"Chicago City (South)--Chicago Lawn, Englewood/West Englewood & Greater Grand Crossing PUMA; Illinois",146174,03528,2015
345,"Chicago City (South)--South Shore, Hyde Park, Woodlawn, Grand Boulevard & Douglas PUMA; Illinois",184128,03529,2015
346,"Chicago City (South)--Ashburn, Washington Heights, Morgan Park & Beverly PUMA; Illinois",132374,03530,2015
347,"Chicago City (South)--Auburn Gresham, Roseland, Chatham, Avalon Park & Burnside PUMA; Illinois",132120,03531,2015
348,"Chicago City (South)--South Chicago, Pullman, West Pullman, East Side & South Deering PUMA; Illinois",131432,03532,2015
349,"McHenry County (North, West & Central) PUMA; Illinois",134545,03601,2015
350,"McHenry County (Southeast)--Algonquin, McHenry & Nunda Townships PUMA; Illinois",172792,03602,2015
351,"Kendall & Grundy Counties PUMA, Illinois",170313,03700,2015
